CAPI_GUID,CAPI_DOCUMENT_DATE,CAPI_BARCODE_USERID,CAPI_FORM_ID,CAPI_EVENT_DATE,CAPI_APPRAISER_NBR,CAPI_NOTE,CAPI_F_ENTRYDATE,CAPI_SCAN_DATE,CAPI_OPERATOR,CAPI_COMMITTED_FLAG,CAPI_POST_KEY,CAPI_POST_USERID
{ACE0847C-F40F-4C5C-BCF1-F14755BFF072},12/31/2023,,NP0830,12/31/2023,733,,"3/22/2024 9:02:14 AM",3/22/2024,I3532,N,"3/22/2024 9:02:14 AM",I3532
{AEADB19B-15B8-4691-B840-A71F9B1A6584},1/1/2021,,NP0830,1/1/2021,672,,"4/7/2021 8:55:55 AM",4/7/2021,H8585,N,"4/7/2021 8:55:55 AM",H8585
{A0822673-C201-42DF-973C-AE7AC92A388C},12/31/2023,,NP0830,12/31/2023,733,,"3/22/2024 9:17:08 AM",3/22/2024,I3532,N,"3/22/2024 9:17:08 AM",I3532
{A2827103-1628-4AC6-A984-D8DC3559B10D},12/31/2023,,NP0830,12/31/2023,705,,"3/28/2024 3:45:37 PM",3/28/2024,I3532,N,"3/28/2024 3:45:37 PM",I3532
{A4890BA5-BE56-4647-93AD-735E03D371FC},10/11/2023,,NP0830,10/11/2023,679,,"3/28/2024 7:35:14 AM",3/28/2024,I3532,N,"3/28/2024 7:35:14 AM",I3532
{A57BAA0E-9FA5-480E-AF4B-8888F8D5DF11},9/22/2023,,NP0830,9/22/2023,705,,"3/28/2024 3:42:03 PM",3/28/2024,I3532,N,"3/28/2024 3:42:03 PM",I3532
{A6A0F7A0-EB68-416D-B5A7-9FD40352E6A0},5/5/2022,,NP0830,5/5/2022,746,"05/05/2022 CON-NEW AIRCRAFT HANGAR","6/7/2023 5:17:44 PM",6/7/2023,A6057,N,"6/7/2023 5:17:44 PM",A6057
{A7BE2FB5-1734-4669-B1DD-BF0FE73F9364},4/3/2023,,NP0830,4/3/2023,733,,"3/22/2024 8:14:48 AM",3/22/2024,I3532,N,"3/22/2024 8:14:48 AM",I3532
{A7EACB84-3BD9-43EC-89E9-D1E39BC18F9C},12/30/2023,,NP0830,12/30/2023,671,,"3/22/2024 8:10:23 AM",3/22/2024,I3532,N,"3/22/2024 8:10:23 AM",I3532
{A7E6D153-A8EA-4DC9-A99F-8E0EC615E774},10/5/2023,,NP0830,10/5/2023,733,,"3/22/2024 8:05:24 AM",3/22/2024,I3532,N,"3/22/2024 8:05:24 AM",I3532
{A79117CF-D8B1-4256-8FEB-1AA8AD98990E},12/31/2022,,NP0830,12/31/2022,720,"PROP 8 MARKET AND INCOME","4/18/2023 11:41:14 AM",4/18/2023,H8585,N,"4/18/2023 11:41:14 AM",H8585
{A9C719C7-FA41-48E9-B350-87C39D5FC5FD},12/30/2022,,NP0830,12/30/2022,621,,"7/27/2023 4:57:30 PM",7/27/2023,A6057,N,"7/27/2023 4:57:30 PM",A6057
{A915F03E-A495-4C59-B2A0-4628170675AE},12/31/2023,,NP0830,12/31/2023,733,,"3/22/2024 8:52:14 AM",3/22/2024,I3532,N,"3/22/2024 8:52:14 AM",I3532
{BB284E37-5CF8-4B9E-8CFC-4B93663F2B32},1/2/2015,,NP0830,1/2/2015,732,,"3/20/2024 7:52:12 AM",3/20/2024,I3532,N,"3/20/2024 7:52:12 AM",I3532
{BC50520F-9998-4234-8F1C-D465D5F6BF6A},12/30/2023,,NP0830,12/30/2023,730,"75% CIP","4/1/2024 1:26:08 PM",4/1/2024,I3532,N,"4/1/2024 1:26:08 PM",I3532
{BDB613B8-0C2D-4AF4-8605-09CC61939EE7},10/27/2023,,NP0830,10/27/2023,731,,"3/28/2024 3:46:28 PM",3/28/2024,I3532,N,"3/28/2024 3:46:28 PM",I3532
{BEA72E33-35D6-4372-A719-27119ABE23C7},10/5/2023,,NP0830,10/5/2023,704,"MINI STG. USED SALES COMPARISON APPROACH","3/28/2024 4:54:51 PM",3/28/2024,I3532,N,"3/28/2024 4:54:51 PM",I3532
{BFD42973-0CBB-42C9-8A77-FF20B5EDF2F9},12/31/2023,,NP0830,12/31/2023,621,,"4/2/2024 10:37:26 AM",4/2/2024,I3532,N,"4/2/2024 10:37:26 AM",I3532
{BF6BF0C7-7944-4CFC-BD0C-2F22C2A39421},3/31/2023,,NP0830,3/31/2023,731,,"3/25/2024 4:17:17 PM",3/25/2024,I3532,N,"3/25/2024 4:17:17 PM",I3532
{B1628C95-63FB-45DB-91DC-2EB055B9EB77},12/31/2023,,NP0830,12/31/2023,733,,"3/22/2024 8:22:48 AM",3/22/2024,I3532,N,"3/22/2024 8:22:48 AM",I3532
{B2A81F9A-3C40-402A-A40D-6D0B841124AE},12/29/2023,,NP0830,12/29/2023,731,,"4/1/2024 8:44:33 AM",4/1/2024,I3532,N,"4/1/2024 8:44:33 AM",I3532
{B289ABD3-4443-4D7A-8CA3-66E5A0EFD3F7},8/26/2023,,NP0830,8/26/2023,808,"TOT-TRF MARKET SALE","3/25/2024 2:59:55 PM",3/25/2024,I3532,N,"3/25/2024 2:59:55 PM",I3532
{B3D3AB0C-63B2-4727-AAD6-EEEC4FC52D78},8/26/2023,,NP0830,8/26/2023,808,"TOT-TRF MARKET SALE","3/25/2024 3:01:16 PM",3/25/2024,I3532,N,"3/25/2024 3:01:16 PM",I3532
{B31325EF-5BD4-4582-92FF-8CEAD5800E2A},12/30/2023,,NP0830,12/30/2023,704,"CIP AMPM GAS AND CARWASH. COST APPROACH","4/2/2024 10:38:23 AM",4/2/2024,I3532,N,"4/2/2024 10:38:23 AM",I3532
{B348C853-4F5C-4A51-B0BB-AEB40362487A},12/31/2023,,NP0830,12/31/2023,733,,"3/22/2024 8:54:31 AM",3/22/2024,I3532,N,"3/22/2024 8:54:31 AM",I3532
{B3997415-24D9-4AAE-A8E2-8F9FF50F9672},12/31/2023,,NP0830,12/31/2023,733,,"3/22/2024 8:50:45 AM",3/22/2024,I3532,N,"3/22/2024 8:50:45 AM",I3532
{B5F426F8-76B0-4CD3-893D-0F504D5E2632},12/31/2022,,NP0830,12/31/2022,735,,"2/22/2024 9:31:53 AM",2/22/2024,I3532,N,"2/22/2024 9:31:53 AM",I3532
{B6FF882A-ACFC-4E4A-A52A-6ABB9B467E96},12/31/2023,,NP0830,12/31/2023,730,"12/31/23 PROP 8","4/11/2024 7:53:02 AM",4/11/2024,I3532,N,"4/11/2024 7:53:02 AM",I3532
{B67DFE05-D6FC-4B9B-89A7-F13F3E497B6C},10/12/2023,,NP0830,10/12/2023,679,"MULTI SALE- BROKERED- IN RANGE","3/20/2024 7:44:36 AM",3/20/2024,I3532,N,"3/20/2024 7:44:36 AM",I3532
{B7BE1E2A-205A-46B3-94A8-82CC75DDD535},5/23/2022,,NP0830,5/23/2022,679,,"3/27/2023 2:48:19 PM",3/27/2023,H8585,N,"3/27/2023 2:48:19 PM",H8585
{B87E4FE9-2F32-4ED9-95EC-BA993607EC29},11/6/2021,,NP0830,11/6/2021,708,,"4/1/2024 1:28:11 PM",4/1/2024,I3532,N,"4/1/2024 1:28:11 PM",I3532
{B88AADD0-3536-4935-9A1E-D964778E9DFA},12/31/2023,,NP0830,12/31/2023,705,,"3/28/2024 3:47:16 PM",3/28/2024,I3532,N,"3/28/2024 3:47:16 PM",I3532
{B9B7FC0E-D15A-4260-B3D9-F2DF215118AD},10/10/2023,,NP0830,10/10/2023,733,,"4/2/2024 7:59:03 AM",4/2/2024,I3532,N,"4/2/2024 7:59:03 AM",I3532
{B99DB391-4186-44A3-8798-933458CC7432},10/2/2023,,NP0830,10/2/2023,679,,"3/19/2024 7:36:19 AM",3/19/2024,I3532,N,"3/19/2024 7:36:19 AM",I3532
{CA3EB1F9-5E4F-420F-8202-7C0AA832804B},7/24/2023,,NP0830,7/24/2023,705,,"3/22/2024 8:25:05 AM",3/22/2024,I3532,N,"3/22/2024 8:25:05 AM",I3532
{CB0766D4-950B-4BEC-8598-D7A835F82038},12/30/2023,,NP0830,12/30/2023,731,,"3/18/2024 8:17:38 AM",3/18/2024,I3532,N,"3/18/2024 8:17:38 AM",I3532
{CB1B5080-3501-427F-847C-91F6D5C925B7},10/18/2023,,NP0830,10/18/2023,731,,"3/28/2024 3:41:18 PM",3/28/2024,I3532,N,"3/28/2024 3:41:18 PM",I3532
{CB947DF4-0574-42D3-97AB-BCC1629EBB60},12/30/2022,,NP0830,12/30/2022,679,,"5/11/2023 2:16:13 PM",5/11/2023,A6057,N,"5/11/2023 2:16:13 PM",A6057
{CDC8670B-C582-4F92-911E-27A050714255},12/31/2023,,NP0830,12/31/2023,758,,"3/22/2024 8:17:58 AM",3/22/2024,I3532,N,"3/22/2024 8:17:58 AM",I3532
{CE9B95D0-C67E-4423-A6A8-A6A73493758E},12/30/2023,,NP0830,12/30/2023,731,,"3/18/2024 7:59:26 AM",3/18/2024,I3532,N,"3/18/2024 7:59:26 AM",I3532
{CFABACB7-4A16-4BF5-9427-C0E6EFAA8149},12/31/2023,,NP0830,12/31/2023,733,,"3/22/2024 8:37:14 AM",3/22/2024,I3532,N,"3/22/2024 8:37:14 AM",I3532
{CFF5AF07-E6CE-4732-A4FE-915CB56A8EA8},9/15/2023,,NP0830,9/15/2023,705,,"3/26/2024 11:30:22 AM",3/26/2024,I3532,N,"3/26/2024 11:30:22 AM",I3532
{CF2791B9-710E-4198-BB19-6C6F898FDDF4},10/11/2023,,NP0830,10/11/2023,679,,"3/28/2024 3:54:06 PM",3/28/2024,I3532,N,"3/28/2024 3:54:06 PM",I3532
{C17BE131-7B7A-445B-97B4-8250411B1DC9},11/29/2022,,NP0830,11/29/2022,714,,"7/20/2023 7:58:12 AM",7/20/2023,A6057,N,"7/20/2023 7:58:12 AM",A6057
{C185BA3A-6F55-406F-AFDD-AC2C63AC3573},7/19/2022,,NP0830,7/19/2022,621,,"5/11/2023 11:46:15 AM",5/11/2023,A6057,N,"5/11/2023 11:46:15 AM",A6057
{C22F4583-F0E6-4354-9332-F3F8E76E902B},2/4/2020,,NP0830,2/4/2020,564,TOT-LGL,"3/18/2024 7:52:17 AM",3/18/2024,I3532,N,"3/18/2024 7:52:17 AM",I3532
{C230A46C-6EC5-4F58-95D9-2114D98B7A77},6/30/2022,,NP0830,6/30/2022,714,,"4/10/2023 1:42:39 PM",4/10/2023,H8585,N,"4/10/2023 1:42:39 PM",H8585
{C4DA25B0-2818-4D58-AEC3-DAAF29601EF5},12/31/2023,,NP0830,12/31/2023,733,,"3/22/2024 9:13:11 AM",3/22/2024,I3532,N,"3/22/2024 9:13:11 AM",I3532
{C7C6505C-43B0-4054-B21D-C1D74998B75C},12/30/2022,,NP0830,12/30/2022,714,,"5/2/2023 4:10:05 PM",5/2/2023,H8585,N,"5/2/2023 4:10:05 PM",H8585
{C8BE45A1-17CE-43B8-9A5E-8A59FE0F633E},5/4/2023,,NP0830,5/4/2023,808,"TOT-TRF MARKET SALE APPRAISAL","4/1/2024 8:39:09 AM",4/1/2024,I3532,N,"4/1/2024 8:39:09 AM",I3532
{C8BF0DBE-C1AE-43EA-AB11-249C600CBE95},12/31/2023,,NP0830,12/31/2023,671,,"4/3/2024 8:53:29 AM",4/3/2024,I3532,N,"4/3/2024 8:53:29 AM",I3532
{C9A34E20-A5FE-463E-8F36-4182747A62B0},12/30/2023,,NP0830,12/30/2023,731,,"3/18/2024 7:55:54 AM",3/18/2024,I3532,N,"3/18/2024 7:55:54 AM",I3532
{C917E48F-7A45-42AB-8E5F-838CA1489648},4/3/2023,,NP0830,4/3/2023,733,,"3/22/2024 8:14:56 AM",3/22/2024,I3532,N,"3/22/2024 8:14:56 AM",I3532
{DB35AA4D-306C-419D-801D-1216A4E9B26C},12/31/2023,,NP0830,12/31/2023,733,,"3/22/2024 8:55:23 AM",3/22/2024,I3532,N,"3/22/2024 8:55:23 AM",I3532
{DC8DD549-2351-4614-BC88-98714144A2AE},12/31/2023,,NP0830,12/31/2023,758,,"3/22/2024 8:59:58 AM",3/22/2024,I3532,N,"3/22/2024 8:59:58 AM",I3532
{DE6852E7-E4A5-43D7-88F5-2CF8323A0DB9},10/21/2021,,NP0830,10/21/2021,679,,"5/19/2022 7:21:22 AM",5/19/2022,H8585,N,"5/19/2022 7:21:22 AM",H8585
{DFF89DDB-716A-4D44-BCE3-67A4996F7AD2},6/23/2023,,NP0830,6/23/2023,808,"TOT-TRF APPRAISAL","4/1/2024 8:42:34 AM",4/1/2024,I3532,N,"4/1/2024 8:42:34 AM",I3532
{D029F6F9-26BB-46D4-AF69-E8F73348FCDC},8/29/2023,,NP0830,8/29/2023,732,,"3/27/2024 2:30:54 PM",3/27/2024,I3532,N,"3/27/2024 2:30:54 PM",I3532
{D1A22A47-7B47-448B-9CE2-4162A8CB03F6},10/12/2023,,NP0830,10/12/2023,671,,"3/22/2024 9:16:25 AM",3/22/2024,I3532,N,"3/22/2024 9:16:25 AM",I3532
{D18E217C-5A59-46CA-B6E1-4448ECCF43EE},11/12/2021,,NP0830,11/12/2021,594,,"8/8/2022 11:59:21 AM",8/8/2022,H8585,N,"8/8/2022 11:59:21 AM",H8585
{D220AF26-B014-4865-B82E-57B3F7DA6C00},10/5/2023,,NP0830,10/5/2023,679,,"3/19/2024 12:30:10 PM",3/19/2024,I3532,N,"3/19/2024 12:30:10 PM",I3532
{D25104F1-1108-4FC4-B9CF-722FAB3F2603},10/16/2023,,NP0830,10/16/2023,705,,"3/19/2024 12:29:14 PM",3/19/2024,I3532,N,"3/19/2024 12:29:14 PM",I3532
{D31AC64C-7778-47C5-B01B-E543FB1A08E0},9/1/2023,,NP0830,9/1/2023,705,,"3/22/2024 8:24:20 AM",3/22/2024,I3532,N,"3/22/2024 8:24:20 AM",I3532
{D32142E3-BE3C-4C53-8ED5-8251CEC446CC},4/4/2023,,NP0830,4/4/2023,731,,"3/27/2024 2:34:21 PM",3/27/2024,I3532,N,"3/27/2024 2:34:21 PM",I3532
{D4ADBE28-7CDB-41E1-ADD8-355CA72CFC23},12/31/2023,,NP0830,12/31/2023,733,,"3/22/2024 8:51:26 AM",3/22/2024,I3532,N,"3/22/2024 8:51:26 AM",I3532
{D4A18917-1FEA-4FF0-87CD-B67B58FD9E20},10/2/2023,,NP0830,10/2/2023,679,,"3/25/2024 4:11:28 PM",3/25/2024,I3532,N,"3/25/2024 4:11:28 PM",I3532
{D4E480CC-79F7-41DC-A147-0824642645EB},12/31/2023,,NP0830,12/31/2023,733,,"3/22/2024 8:48:35 AM",3/22/2024,I3532,N,"3/22/2024 8:48:35 AM",I3532
{D45719F6-4869-43E8-B57A-F3311FCE440F},11/16/2022,,NP0830,11/16/2022,679,,"8/22/2023 4:30:14 PM",8/22/2023,A6057,N,"8/22/2023 4:30:14 PM",A6057
{D623A101-3196-472D-A539-ADE6CEDC7491},12/31/2021,,NP0830,12/31/2021,689,,"5/9/2022 3:40:20 PM",5/9/2022,H8585,N,"5/9/2022 3:40:20 PM",H8585
{D627B49D-13A9-4E0F-ACB4-6A1F015EA68D},12/31/2023,,NP0830,12/31/2023,733,,"3/22/2024 8:53:01 AM",3/22/2024,I3532,N,"3/22/2024 8:53:01 AM",I3532
{D694DAE9-4DF2-4A02-AE1E-32D86D4FF27B},12/31/2022,,NP0830,12/31/2022,747,,"3/20/2024 7:50:26 AM",3/20/2024,I3532,N,"3/20/2024 7:50:26 AM",I3532
{D719F8D4-0BC3-4FD9-972F-7ED9AFBEC77E},12/31/2023,,NP0830,12/31/2023,720,MARKET,"3/20/2024 7:48:53 AM",3/20/2024,I3532,N,"3/20/2024 7:48:53 AM",I3532
{D799AD9B-DFE0-487C-8181-DC989515B914},12/31/2023,,NP0830,12/31/2023,733,,"3/22/2024 8:23:35 AM",3/22/2024,I3532,N,"3/22/2024 8:23:35 AM",I3532
{D858F312-D5A2-4368-953C-8E973AE4E0A2},6/16/2021,,NP0830,6/16/2021,731,,"3/28/2022 8:01:09 AM",3/28/2022,H8585,N,"3/28/2022 8:01:09 AM",H8585
{D922B9B1-A1DF-4F11-B8DA-A45CD7A452ED},9/7/2023,,NP0830,9/7/2023,731,,"3/22/2024 9:03:03 AM",3/22/2024,I3532,N,"3/22/2024 9:03:03 AM",I3532
{D97C2E02-FE12-44BF-B970-AA2E605A6DF4},8/24/2023,,NP0830,8/24/2023,679,,"3/20/2024 7:32:59 AM",3/20/2024,I3532,N,"3/20/2024 7:32:59 AM",I3532
{EA9169E3-FB9F-4497-A0AB-611914A1EFFB},12/31/2023,,NP0830,12/31/2023,733,,"3/22/2024 8:28:26 AM",3/22/2024,I3532,N,"3/22/2024 8:28:26 AM",I3532
{EC6B810F-5227-43E0-9FE2-D5E97DC531D1},12/31/2023,,NP0830,12/31/2023,733,,"3/22/2024 8:47:44 AM",3/22/2024,I3532,N,"3/22/2024 8:47:44 AM",I3532
{EDAA6C63-6946-4C67-8453-0B1DF553E8FF},12/30/2021,,NP0830,12/30/2021,670,,"5/23/2022 9:53:48 AM",5/23/2022,H8585,N,"5/23/2022 9:53:48 AM",H8585
{EDB14C17-08C7-4756-9F1B-3EC687D52B8E},12/30/2023,,NP0830,12/30/2023,671,,"3/22/2024 8:03:56 AM",3/22/2024,I3532,N,"3/22/2024 8:03:56 AM",I3532
{ED8CF604-DC53-47DE-9E1B-C12435464B01},1/24/2022,,NP0830,1/24/2022,679,,"11/16/2022 10:55:42 AM",11/16/2022,H8585,N,"11/16/2022 10:55:42 AM",H8585
{EEAF156E-892E-4AC1-891E-756DAF9BAB6C},12/30/2021,,NP0830,12/30/2021,634,,"5/23/2022 9:38:29 AM",5/23/2022,H8585,N,"5/23/2022 9:38:29 AM",H8585
{EFDCE05E-9916-48F8-9F6E-55E9A697E410},11/29/2023,,NP0830,11/29/2023,758,,"3/27/2024 2:36:20 PM",3/27/2024,I3532,N,"3/27/2024 2:36:20 PM",I3532
{EF157065-D6B0-40CE-83C0-7766E8CD85E8},10/19/2023,,NP0830,10/19/2023,679,,"4/1/2024 8:40:40 AM",4/1/2024,I3532,N,"4/1/2024 8:40:40 AM",I3532
{E0B6EF9E-73A3-4B38-8716-40CF52BD7F6F},10/16/2023,,NP0830,10/16/2023,679,,"3/20/2024 7:53:12 AM",3/20/2024,I3532,N,"3/20/2024 7:53:12 AM",I3532
{E1F10D40-E963-45CC-902A-5BB2B5F32D5F},12/31/2022,,NP0830,12/31/2022,732,,"3/28/2024 7:41:01 AM",3/28/2024,I3532,N,"3/28/2024 7:41:01 AM",I3532
{E14A4AD5-D0B3-4621-A087-238C77A7C287},10/1/2021,,NP0830,10/1/2021,733,"MULTI PARCEL","7/20/2022 5:06:56 PM",7/20/2022,H8585,N,"7/20/2022 5:06:56 PM",H8585
{E2B61DCC-3F3F-45D1-93D2-19CF2DFE4740},12/31/2020,,NP0830,12/31/2020,720,MARKET,"4/1/2021 7:56:10 AM",4/1/2021,H8585,N,"4/1/2021 7:56:10 AM",H8585
{E3196C26-923E-4197-9BDA-975F7B8CE23C},12/31/2023,,NP0830,12/31/2023,733,,"3/22/2024 8:43:07 AM",3/22/2024,I3532,N,"3/22/2024 8:43:07 AM",I3532
{E6399B0D-7A45-4F04-BE5E-E68C44156D89},12/31/2022,,NP0830,12/31/2022,747,,"4/3/2023 10:14:08 AM",4/3/2023,H8585,N,"4/3/2023 10:14:08 AM",H8585
{E7DF8A1B-AAF6-4D29-8277-EE72835F312F},3/31/2023,,NP0830,3/31/2023,731,,"4/9/2024 9:29:33 AM",4/9/2024,I3532,N,"4/9/2024 9:29:33 AM",I3532
{E7D8D7DF-E366-48A5-8F1A-BE51C5DC6179},12/31/2023,,NP0830,12/31/2023,621,,"4/1/2024 4:50:18 PM",4/1/2024,I3532,N,"4/1/2024 4:50:18 PM",I3532
{E72DFE27-932D-4C75-9934-C9750DE8F337},10/14/2021,,NP0830,10/14/2021,704,"SERVICE GARAGE. SALES COMPARISON APPROACH","8/22/2022 4:04:46 PM",8/22/2022,H8585,N,"8/22/2022 4:04:46 PM",H8585
{E82D0614-D986-4A39-B655-3DFABCD6837A},12/31/2023,,NP0830,12/31/2023,733,,"3/22/2024 8:35:05 AM",3/22/2024,I3532,N,"3/22/2024 8:35:05 AM",I3532
{FA151461-4436-4D1F-80F0-40A99C2BA0E1},10/2/2023,,NP0830,10/2/2023,671,,"3/22/2024 9:03:56 AM",3/22/2024,I3532,N,"3/22/2024 9:03:56 AM",I3532
{FBDBB9BB-4F69-4623-BD1E-02E6540C70EF},12/29/2023,,NP0830,12/29/2023,733,,"3/26/2024 3:48:06 PM",3/26/2024,I3532,N,"3/26/2024 3:48:06 PM",I3532
{FB586238-E71C-42D3-9CAE-6D37B97168E9},10/25/2023,,NP0830,10/25/2023,679,,"4/1/2024 8:41:25 AM",4/1/2024,I3532,N,"4/1/2024 8:41:25 AM",I3532
{FB79B826-D98D-492C-806D-2ECFB3DDAAE5},12/30/2023,,NP0830,12/30/2023,671,,"4/1/2024 8:38:23 AM",4/1/2024,I3532,N,"4/1/2024 8:38:23 AM",I3532
{FCC0DE76-3095-4D03-8635-40275EC5C8EE},8/23/2023,,NP0830,8/23/2023,808,"TOT-TRF MARKET SALE","3/25/2024 3:02:05 PM",3/25/2024,I3532,N,"3/25/2024 3:02:05 PM",I3532
{FCC8ABB7-94EF-4FB2-9969-6D68973EBF7E},9/5/2023,,NP0830,9/5/2023,705,,"3/25/2024 8:27:57 AM",3/25/2024,I3532,N,"3/25/2024 8:27:57 AM",I3532
{FC53698B-0DB2-4A48-B31F-D25FAED5B943},12/31/2023,,NP0830,12/31/2023,730,"PROP 8 REVIEW AND PROP 13 WORKSHEET","3/22/2024 9:07:48 AM",3/22/2024,I3532,N,"3/22/2024 9:07:48 AM",I3532
{FD464420-D96F-412B-9AE8-2E58A3D97211},12/31/2023,,NP0830,12/31/2023,733,,"3/22/2024 8:44:42 AM",3/22/2024,I3532,N,"3/22/2024 8:44:42 AM",I3532
{FD5AF975-45B7-4089-9A7F-47F9BCE91EEA},12/30/2022,,NP0830,12/30/2022,671,,"5/15/2023 2:54:00 PM",5/15/2023,A6057,N,"5/15/2023 2:54:00 PM",A6057
{FE00403E-CC7A-422A-9EB0-465ED960D51C},12/31/2023,,NP0830,12/31/2023,733,,"3/22/2024 8:26:57 AM",3/22/2024,I3532,N,"3/22/2024 8:26:57 AM",I3532
{FE6D75B8-2CF2-4375-80F1-BAD30DB2648A},6/21/2021,,NP0830,6/21/2021,593,"6/21/21 TOT-TRF APPRAISAL","4/25/2022 10:54:50 AM",4/25/2022,H8585,N,"4/25/2022 10:54:50 AM",H8585
{FF8A9E3F-A45C-444E-8AD3-4C2E014DB7C7},12/31/2023,,NP0830,12/31/2023,705,,"3/28/2024 3:49:53 PM",3/28/2024,I3532,N,"3/28/2024 3:49:53 PM",I3532
{F0C313BD-BFE7-4C7A-BF34-55D1C550A0BA},12/31/2023,,NP0830,12/31/2023,733,,"3/22/2024 8:27:45 AM",3/22/2024,I3532,N,"3/22/2024 8:27:45 AM",I3532
{F1DF8A36-3176-4DDA-A44B-1EEC57E4DFBD},12/16/2020,,NP0830,12/16/2020,733,,"4/2/2024 11:07:12 AM",4/2/2024,I3532,N,"4/2/2024 11:07:12 AM",I3532
{F16F20C9-F580-4104-8BAC-848028869248},10/19/2023,,NP0830,10/19/2023,679,,"3/22/2024 8:02:53 AM",3/22/2024,I3532,N,"3/22/2024 8:02:53 AM",I3532
{F253A9F2-0791-443D-AA5C-10F5BC3548BF},12/16/2020,,NP0830,12/16/2020,733,,"4/2/2024 11:06:54 AM",4/2/2024,I3532,N,"4/2/2024 11:06:54 AM",I3532
{F5CE70B6-01FB-4A26-A9DF-2BC3B94AC098},7/6/2023,,NP0830,7/6/2023,705,"PROP 19B","3/19/2024 12:31:53 PM",3/19/2024,I3532,N,"3/19/2024 12:31:53 PM",I3532
{F56F6E11-430A-4315-B231-970FC10B524A},12/31/2020,,NP0830,12/31/2020,705,,"10/14/2021 2:32:38 PM",10/14/2021,H8585,N,"10/14/2021 2:32:38 PM",H8585
{F566496A-AEDE-41BF-A51C-B5AC9F9869EE},12/30/2021,,NP0830,12/30/2021,735,,"5/17/2022 3:38:34 PM",5/17/2022,H8585,N,"5/17/2022 3:38:34 PM",H8585
{F6A20CF8-90DE-4B59-B298-3B1F02A96CF1},7/13/2023,,NP0830,7/13/2023,808,"CON-NEW 3 APPROACHES DEVELOPED","3/28/2024 7:36:00 AM",3/28/2024,I3532,N,"3/28/2024 7:36:00 AM",I3532
{F6D3ED63-F18A-48F6-B636-AC29B94F4CBB},12/31/2023,,NP0830,12/31/2023,733,,"3/22/2024 8:32:29 AM",3/22/2024,I3532,N,"3/22/2024 8:32:29 AM",I3532
{F6017E30-3E4B-432C-A8D5-9A8DDD596F68},10/16/2023,,NP0830,10/16/2023,704,"DIST WAREHOUSE. NEW CONSTRUCTION.","4/1/2024 1:24:24 PM",4/1/2024,I3532,N,"4/1/2024 1:24:24 PM",I3532
{F6317AB5-4002-4E73-A189-642B702077EE},6/12/2020,,NP0830,6/12/2020,564,,"9/22/2021 2:51:05 PM",9/22/2021,H8585,N,"9/22/2021 2:51:05 PM",H8585
{F7F9C8C4-B192-4848-B474-78EA42871073},10/25/2023,,NP0830,10/25/2023,733,CON-NEW,"3/26/2024 7:39:38 AM",3/26/2024,I3532,N,"3/26/2024 7:39:38 AM",I3532
{F75651A2-ED21-4A11-A928-1BE61275FDCF},4/3/2023,,NP0830,4/3/2023,679,"NEW CONST","12/18/2023 1:55:54 PM",12/18/2023,I3532,N,"12/18/2023 1:55:54 PM",I3532
{F78EB366-90B0-45F5-9200-F03B252A8E1C},12/31/2023,,NP0830,12/31/2023,733,,"3/22/2024 8:50:03 AM",3/22/2024,I3532,N,"3/22/2024 8:50:03 AM",I3532
{F8ED6F99-CB72-4840-8C70-A402E90E17B9},4/30/2021,,NP0830,4/30/2021,720,MARKET,"4/1/2024 3:03:48 PM",4/1/2024,I3532,N,"4/1/2024 3:03:48 PM",I3532
{F85F87FB-E934-40D8-BCFB-1B5E7FC3C868},12/15/2023,,NP0830,12/15/2023,733,"POOL DEMO","3/22/2024 9:14:42 AM",3/22/2024,I3532,N,"3/22/2024 9:14:42 AM",I3532
{F9CEC398-ABED-4203-8CDC-C160A3E923E0},12/16/2020,,NP0830,12/16/2020,733,,"4/2/2024 11:07:06 AM",4/2/2024,I3532,N,"4/2/2024 11:07:06 AM",I3532
{0C6AEE8B-9B33-4CEB-87E5-273514B77527},12/31/2023,,NP0830,12/31/2023,621,,"4/2/2024 10:39:10 AM",4/2/2024,I3532,N,"4/2/2024 10:39:10 AM",I3532
{0D5EED41-BFB5-4999-A5B4-4554A8264DB6},9/27/2023,,NP0830,9/27/2023,808,"TOT-TRF NOT A SALE","3/25/2024 8:29:10 AM",3/25/2024,I3532,N,"3/25/2024 8:29:10 AM",I3532
{0E7704B7-6F94-4A27-990B-847E147403BA},12/31/2023,,NP0830,12/31/2023,733,,"3/22/2024 8:41:16 AM",3/22/2024,I3532,N,"3/22/2024 8:41:16 AM",I3532
{00B66DAB-4B5D-46DE-80C2-7D9CAD19BE7C},12/31/2022,,NP0830,12/31/2022,735,,"3/22/2024 4:25:41 PM",3/22/2024,I3532,N,"3/22/2024 4:25:41 PM",I3532
{02A9516F-CC43-4F77-A7A2-E7D13782361A},12/31/2022,,NP0830,12/31/2022,735,,"3/22/2024 4:24:49 PM",3/22/2024,I3532,N,"3/22/2024 4:24:49 PM",I3532
{042E38D5-3BDC-44BA-9CB7-AE64A9201C5F},11/12/2021,,NP0830,11/12/2021,594,,"8/8/2022 11:58:04 AM",8/8/2022,H8585,N,"8/8/2022 11:58:04 AM",H8585
{0434AACE-4A34-4650-B93F-B0538746C17F},12/31/2023,,NP0830,12/31/2023,733,,"3/22/2024 8:49:17 AM",3/22/2024,I3532,N,"3/22/2024 8:49:17 AM",I3532
{046F0BA1-8BF7-495B-A533-32D8DD311BD0},10/10/2023,,NP0830,10/10/2023,733,,"4/2/2024 7:58:50 AM",4/2/2024,I3532,N,"4/2/2024 7:58:50 AM",I3532
{049F08CA-724A-487C-A10D-FD1A8CE72773},12/31/2023,,NP0830,12/31/2023,720,INCOME,"4/15/2024 7:57:28 AM",4/15/2024,I3532,N,"4/15/2024 7:57:28 AM",I3532
{05F69FCC-F0B0-4C7F-80E6-5A1B573F2270},10/3/2023,,NP0830,10/3/2023,679,,"4/1/2024 3:04:44 PM",4/1/2024,I3532,N,"4/1/2024 3:04:44 PM",I3532
{05590DE9-6AE5-43AC-9E55-77E4078BE79B},10/25/2023,,NP0830,10/25/2023,733,CON-NEW,"3/26/2024 7:39:20 AM",3/26/2024,I3532,N,"3/26/2024 7:39:20 AM",I3532
{0986BF36-3C81-437E-B774-2DA473F311D2},8/30/2023,,NP0830,8/30/2023,732,,"3/27/2024 2:31:43 PM",3/27/2024,I3532,N,"3/27/2024 2:31:43 PM",I3532
{1ABCCDE4-0401-4F39-9854-1085A187C5BA},12/31/2023,,NP0830,12/31/2023,730,"PROP 8 REVIEW AND PROP 13 WORKSHEET","3/22/2024 9:07:55 AM",3/22/2024,I3532,N,"3/22/2024 9:07:55 AM",I3532
{1AC80550-345D-479F-A267-C795BA8E314B},12/29/2020,,NP0830,12/29/2020,689,,"3/18/2024 9:45:35 AM",3/18/2024,I3532,N,"3/18/2024 9:45:35 AM",I3532
{1A030BA4-F1A2-4027-9548-740C5E327557},12/31/2023,,NP0830,12/31/2023,733,,"3/22/2024 9:09:36 AM",3/22/2024,I3532,N,"3/22/2024 9:09:36 AM",I3532
{1C309C47-93D2-40C2-AEC5-68D784D5B7DE},12/31/2023,,NP0830,12/31/2023,731,,"3/28/2024 7:32:50 AM",3/28/2024,I3532,N,"3/28/2024 7:32:50 AM",I3532
{1DEF55A5-444E-4FD7-BE97-D74DC5A1F7E8},12/31/2023,,NP0830,12/31/2023,733,,"3/22/2024 9:13:55 AM",3/22/2024,I3532,N,"3/22/2024 9:13:55 AM",I3532
{1D07130E-8C31-4064-8C97-F766657BDFC0},9/5/2023,,NP0830,9/5/2023,758,,"3/18/2024 1:26:08 PM",3/18/2024,I3532,N,"3/18/2024 1:26:08 PM",I3532
{1D8189FF-72DE-493E-9FDC-3E9CF08FB3C2},7/28/2023,,NP0830,7/28/2023,731,,"1/3/2024 2:20:25 PM",1/3/2024,I3532,N,"1/3/2024 2:20:25 PM",I3532
{1EAD8937-C833-40FF-8367-94FCCEF22B8B},11/29/2023,,NP0830,11/29/2023,705,,"3/19/2024 7:37:25 AM",3/19/2024,I3532,N,"3/19/2024 7:37:25 AM",I3532
{1EEDDC99-2625-4C69-953D-8638DC263A17},1/1/2023,,NP0830,1/1/2023,735,,"4/1/2024 8:45:23 AM",4/1/2024,I3532,N,"4/1/2024 8:45:23 AM",I3532
{1F263C54-44E1-4E18-AD59-45F0D4E6F00B},10/25/2023,,NP0830,10/25/2023,733,CON-NEW,"3/26/2024 7:39:46 AM",3/26/2024,I3532,N,"3/26/2024 7:39:46 AM",I3532
{1F5EBB10-5958-4B6F-91DA-79016E4EB1C9},12/31/2023,,NP0830,12/31/2023,733,,"3/22/2024 9:15:35 AM",3/22/2024,I3532,N,"3/22/2024 9:15:35 AM",I3532
{10B378E5-EAE5-492B-B259-DB9743E0D124},9/5/2023,,NP0830,9/5/2023,731,,"3/22/2024 8:41:59 AM",3/22/2024,I3532,N,"3/22/2024 8:41:59 AM",I3532
{1041CFCD-72C9-44D6-9869-12C5FEE218C7},12/30/2022,,NP0830,12/30/2022,731,,"4/18/2023 9:08:59 AM",4/18/2023,H8585,N,"4/18/2023 9:08:59 AM",H8585
{113D2266-7AE9-4A0B-9C20-521C3B5F703D},5/6/2021,,NP0830,5/6/2021,621,,"3/22/2024 8:13:22 AM",3/22/2024,I3532,N,"3/22/2024 8:13:22 AM",I3532
{12F8CB56-29EA-4F61-A0A0-0C86EFD09F5C},10/16/2023,,NP0830,10/16/2023,679,,"3/20/2024 7:53:19 AM",3/20/2024,I3532,N,"3/20/2024 7:53:19 AM",I3532
{1291A4DF-D2FA-400B-9F30-7C193DC19287},12/29/2023,,NP0830,12/29/2023,731,,"3/26/2024 11:29:22 AM",3/26/2024,I3532,N,"3/26/2024 11:29:22 AM",I3532
{137100DD-461B-45C4-964B-8F09EB40BDB4},10/8/2009,,NP0830,10/8/2009,731,,"3/18/2024 9:46:45 AM",3/18/2024,I3532,N,"3/18/2024 9:46:45 AM",I3532
{14B08862-C39E-45D1-8C8B-E89D62C7E9D9},12/31/2023,,NP0830,12/31/2023,621,,"4/1/2024 3:05:35 PM",4/1/2024,I3532,N,"4/1/2024 3:05:35 PM",I3532
{14F90D59-BB25-48CC-A909-DBB03EB32DAF},12/30/2020,,NP0830,12/30/2020,671,,"6/18/2021 2:04:57 PM",6/18/2021,F3297,N,"6/18/2021 2:04:57 PM",F3297
{16895405-7A93-445A-A809-D8A9EE9B63D6},12/31/2023,,NP0830,12/31/2023,621,,"4/1/2024 1:39:22 PM",4/1/2024,I3532,N,"4/1/2024 1:39:22 PM",I3532
{17427121-968F-405A-B76C-0F3E072AD56A},12/31/2023,,NP0830,12/31/2023,705,,"3/28/2024 3:44:43 PM",3/28/2024,I3532,N,"3/28/2024 3:44:43 PM",I3532
{184045B6-23C9-48E1-ACD9-DF7E590A5E58},10/19/2023,,NP0830,10/19/2023,743,,"3/27/2024 2:37:25 PM",3/27/2024,I3532,N,"3/27/2024 2:37:25 PM",I3532
{189AF43B-1389-48C5-89DA-1FC82C9C5B1B},12/31/2023,,NP0830,12/31/2023,733,,"3/22/2024 8:53:42 AM",3/22/2024,I3532,N,"3/22/2024 8:53:42 AM",I3532
{191D0747-FC79-40DD-8CBE-FD0EAC733F84},12/30/2022,,NP0830,12/30/2022,679,CIP,"5/11/2023 12:17:04 PM",5/11/2023,A6057,N,"5/11/2023 12:17:04 PM",A6057
{1949E93B-48D7-4CC9-B1A6-1C988002BC80},6/29/2022,,NP0830,6/29/2022,671,,"11/30/2022 4:15:20 PM",11/30/2022,H8585,N,"11/30/2022 4:15:20 PM",H8585
{1992FF43-9BD7-4806-BCD3-767050FC67DE},12/31/2023,,NP0830,12/31/2023,733,,"3/22/2024 8:30:45 AM",3/22/2024,I3532,N,"3/22/2024 8:30:45 AM",I3532
{2ADA59FD-625E-4F2C-A38F-EC1F1C415E3B},12/30/2021,,NP0830,12/30/2021,733,"CON CIP 40%","4/26/2022 5:15:59 PM",4/26/2022,H8585,N,"4/26/2022 5:15:59 PM",H8585
{2AFE946C-6E48-4C8F-A1EB-42510DC1B0EE},12/31/2022,,NP0830,12/31/2022,746,"ANNUAL REVIEW SUBSEQUENT TO APPEAL 2022-01739","3/22/2024 4:27:11 PM",3/22/2024,I3532,N,"3/22/2024 4:27:11 PM",I3532
{2A81FA19-3317-402D-8C9F-802A7BD6CB6A},12/31/2023,,NP0830,12/31/2023,733,,"3/22/2024 8:40:33 AM",3/22/2024,I3532,N,"3/22/2024 8:40:33 AM",I3532
{2BCC26F3-7454-4D44-99A8-C4C660446C2B},12/31/2023,,NP0830,12/31/2023,733,,"3/22/2024 8:56:55 AM",3/22/2024,I3532,N,"3/22/2024 8:56:55 AM",I3532
{2BC8345A-6475-4A60-9446-BBFAA250AD74},4/19/2023,,NP0830,4/19/2023,679,"DEMO NEW PLANS","12/4/2023 11:14:11 AM",12/4/2023,I3532,N,"12/4/2023 11:14:11 AM",I3532
{2D10C33A-5D6B-4A04-AC6F-9FA5F5BB138A},12/29/2020,,NP0830,12/29/2020,634,,"6/8/2021 5:10:29 PM",6/8/2021,H8585,N,"6/8/2021 5:10:29 PM",H8585
{2EE544D7-B08B-442E-9EE5-A1ABC570C4C9},12/31/2023,,NP0830,12/31/2023,733,,"3/22/2024 8:21:07 AM",3/22/2024,I3532,N,"3/22/2024 8:21:07 AM",I3532
{2EE63F4D-3C54-4278-AF0A-91A8CC57D729},12/29/2023,,NP0830,12/29/2023,731,,"4/1/2024 8:39:52 AM",4/1/2024,I3532,N,"4/1/2024 8:39:52 AM",I3532
{203A1C26-31BF-47C3-9D68-27F67EA3CB89},9/5/2023,,NP0830,9/5/2023,705,,"3/22/2024 11:32:58 AM",3/22/2024,I3532,N,"3/22/2024 11:32:58 AM",I3532
{221C8FE9-BE7E-48C5-914F-3EA0D4FBE130},12/31/2020,,NP0830,12/31/2020,679,"2020 PROP 8 REVIEW","4/14/2021 9:17:13 AM",4/14/2021,H8585,N,"4/14/2021 9:17:13 AM",H8585
{23EF9320-9CC7-4B31-946F-58553EDB56CE},10/13/2023,,NP0830,10/13/2023,679,"NEW CONSTRUCTION 100%","3/25/2024 4:18:10 PM",3/25/2024,I3532,N,"3/25/2024 4:18:10 PM",I3532
{24E51C06-6CEB-4FDF-894A-E84F0DC14926},12/31/2022,,NP0830,12/31/2022,747,,"3/20/2024 7:50:14 AM",3/20/2024,I3532,N,"3/20/2024 7:50:14 AM",I3532
{249C9354-9471-470A-AB86-D1B0CDB7B501},12/14/2023,,NP0830,12/14/2023,705,,"3/20/2024 7:42:01 AM",3/20/2024,I3532,N,"3/20/2024 7:42:01 AM",I3532
{25B8943D-3F23-4904-B31D-DC62EBFECB23},12/31/2020,,NP0830,12/31/2020,720,"MARKET AND INCOME","3/30/2021 2:25:50 PM",3/30/2021,F3297,N,"3/30/2021 2:25:50 PM",F3297
{25CEF40A-4222-49E1-800A-51DF369E0B5A},10/10/2021,,NP0830,10/10/2021,568,,"3/20/2024 8:14:18 AM",3/20/2024,I3532,N,"3/20/2024 8:14:18 AM",I3532
{26783127-8249-41AC-AC03-84629267807F},12/31/2021,,NP0830,12/31/2021,720,"MARKET AND INCOME","5/16/2022 1:56:51 PM",5/16/2022,H8585,N,"5/16/2022 1:56:51 PM",H8585
{29D9290C-8B34-4103-8627-3E0C64EC59E6},12/31/2022,,NP0830,12/31/2022,731,,"3/7/2023 7:59:28 AM",3/7/2023,H8585,N,"3/7/2023 7:59:28 AM",H8585
{29EF9AD4-FE4A-47F0-8C4E-900647CE5861},12/29/2023,,NP0830,12/29/2023,621,,"4/8/2024 10:15:33 AM",4/8/2024,I3532,N,"4/8/2024 10:15:33 AM",I3532
{29E9B93B-B4B2-41E5-A810-83D9AA0829DE},8/29/2023,,NP0830,8/29/2023,731,,"3/22/2024 8:21:52 AM",3/22/2024,I3532,N,"3/22/2024 8:21:52 AM",I3532
{29F68FCC-5868-4FD6-BEEE-3AA95BD38A43},12/31/2023,,NP0830,12/31/2023,705,,"3/28/2024 3:43:30 PM",3/28/2024,I3532,N,"3/28/2024 3:43:30 PM",I3532
{292DC635-80D7-4940-865A-D89D4A6F5CCD},9/18/2023,,NP0830,9/18/2023,705,,"3/28/2024 3:42:47 PM",3/28/2024,I3532,N,"3/28/2024 3:42:47 PM",I3532
{2948F4F1-5611-4333-9C1C-992D1EE5C0AD},12/14/2023,,NP0830,12/14/2023,705,,"3/20/2024 7:35:00 AM",3/20/2024,I3532,N,"3/20/2024 7:35:00 AM",I3532
{299D92F8-488B-4B88-AC7B-92967998C868},12/31/2023,,NP0830,12/31/2023,733,,"3/26/2024 7:43:56 AM",3/26/2024,I3532,N,"3/26/2024 7:43:56 AM",I3532
{3B8DDE24-4B74-46A4-BCEB-BAF22F4353DB},5/9/2023,,NP0830,5/9/2023,730,CON-NEW,"3/28/2024 4:03:47 PM",3/28/2024,I3532,N,"3/28/2024 4:03:47 PM",I3532
{3C6F8C04-EB28-41F4-A72A-2B709081DBC5},9/5/2023,,NP0830,9/5/2023,705,,"3/22/2024 9:06:27 AM",3/22/2024,I3532,N,"3/22/2024 9:06:27 AM",I3532
{3C7A438C-736D-4877-8899-72C39497446B},10/19/2023,,NP0830,10/19/2023,730,CON-NEW,"3/18/2024 7:57:44 AM",3/18/2024,I3532,N,"3/18/2024 7:57:44 AM",I3532
{3DFB62D9-5830-456F-87D0-AE5682F88A65},1/1/2021,,NP0830,1/1/2021,672,,"4/7/2021 9:01:04 AM",4/7/2021,H8585,N,"4/7/2021 9:01:04 AM",H8585
{3D21A171-88AE-40B5-827A-C4F794990246},12/31/2023,,NP0830,12/31/2023,733,,"3/22/2024 8:33:13 AM",3/22/2024,I3532,N,"3/22/2024 8:33:13 AM",I3532
{3EDF8210-4DF7-4D04-9568-32C46E351597},12/30/2022,,NP0830,12/30/2022,731,,"4/18/2023 9:24:15 AM",4/18/2023,H8585,N,"4/18/2023 9:24:15 AM",H8585
{3E70B014-F592-47CE-8E68-B30D718F66A7},10/25/2023,,NP0830,10/25/2023,733,CON-NEW,"3/26/2024 7:39:25 AM",3/26/2024,I3532,N,"3/26/2024 7:39:25 AM",I3532
{3F3BA202-9C3C-463F-9F68-818E736CA5DC},12/31/2023,,NP0830,12/31/2023,733,,"3/22/2024 8:56:05 AM",3/22/2024,I3532,N,"3/22/2024 8:56:05 AM",I3532
{3F8B8E74-ECB3-4D6E-AA46-A4B845B875D2},10/11/2023,,NP0830,10/11/2023,679,,"3/27/2024 2:35:24 PM",3/27/2024,I3532,N,"3/27/2024 2:35:24 PM",I3532
{301F4EC6-5931-4F90-AED9-914422217FA3},12/30/2023,,NP0830,12/30/2023,730,,"3/26/2024 3:47:13 PM",3/26/2024,I3532,N,"3/26/2024 3:47:13 PM",I3532
{30582694-CD90-4026-A955-5910E1180A08},12/31/2023,,NP0830,12/31/2023,733,,"3/22/2024 8:31:41 AM",3/22/2024,I3532,N,"3/22/2024 8:31:41 AM",I3532
{31528BEB-29BE-43FC-B714-5BF53B61CC16},12/31/2022,,NP0830,12/31/2022,731,,"3/7/2023 8:02:12 AM",3/7/2023,H8585,N,"3/7/2023 8:02:12 AM",H8585
{334EFD4C-9000-4A7B-8DE5-AEDAF899E8D4},12/16/2020,,NP0830,12/16/2020,733,,"4/2/2024 11:07:23 AM",4/2/2024,I3532,N,"4/2/2024 11:07:23 AM",I3532
{37D8EA1A-CD80-4F17-AF2E-A4B54CCBB883},7/28/2023,,NP0830,7/28/2023,731,,"3/25/2024 3:03:19 PM",3/25/2024,I3532,N,"3/25/2024 3:03:19 PM",I3532
{37F038F8-2430-459A-AA39-E574E11B7814},12/31/2022,,NP0830,12/31/2022,731,,"3/28/2024 7:34:26 AM",3/28/2024,I3532,N,"3/28/2024 7:34:26 AM",I3532
{38306E50-9E0B-4023-8365-FD93120C8D86},12/31/2021,,NP0830,12/31/2021,689,,"5/23/2022 9:44:25 AM",5/23/2022,H8585,N,"5/23/2022 9:44:25 AM",H8585
{388E53B2-3581-46D3-89B1-CD6DCEBE68A6},10/10/2021,,NP0830,10/10/2021,689,,"1/29/2024 8:26:19 AM",1/29/2024,I3532,N,"1/29/2024 8:26:19 AM",I3532
{39BFB88C-00BC-49FE-8ECC-8170F84D6AA3},10/11/2022,,NP0830,10/11/2022,743,,"4/12/2023 12:48:00 PM",4/12/2023,H8585,N,"4/12/2023 12:48:00 PM",H8585
{4BE06826-7226-40A9-A8F1-F4761F72284B},10/25/2023,,NP0830,10/25/2023,733,CON-NEW,"3/26/2024 7:39:31 AM",3/26/2024,I3532,N,"3/26/2024 7:39:31 AM",I3532
{4B094C79-F4DF-49DC-8449-951FD3910E07},8/16/2023,,NP0830,8/16/2023,731,,"3/19/2024 7:38:17 AM",3/19/2024,I3532,N,"3/19/2024 7:38:17 AM",I3532
{4B85D6A8-4F70-42BB-A5B2-580D9EE885FF},12/31/2022,,NP0830,12/31/2022,735,,"3/22/2024 4:26:28 PM",3/22/2024,I3532,N,"3/22/2024 4:26:28 PM",I3532
{4CD126DF-CFB8-4AF7-928E-9DFEA011AED9},12/28/2023,,NP0830,12/28/2023,720,MARKET,"3/20/2024 7:31:16 AM",3/20/2024,I3532,N,"3/20/2024 7:31:16 AM",I3532
{4DF36437-D5EF-4493-A81F-FADBCA57617A},12/31/2023,,NP0830,12/31/2023,730,"PROP 8 REVIEW","3/22/2024 8:57:57 AM",3/22/2024,I3532,N,"3/22/2024 8:57:57 AM",I3532
{4DF4B389-6107-49DC-9409-58CC11C74231},12/30/2022,,NP0830,12/30/2022,731,,"4/18/2023 9:21:24 AM",4/18/2023,H8585,N,"4/18/2023 9:21:24 AM",H8585
{4D2A189D-9423-4C90-B3AF-B2E4490DBAB5},12/31/2023,,NP0830,12/31/2023,730,"PROP 8 REVIEW","3/22/2024 8:16:51 AM",3/22/2024,I3532,N,"3/22/2024 8:16:51 AM",I3532
{4F400FA3-8405-4508-984C-5F6FCE946A29},10/11/2023,,NP0830,10/11/2023,679,,"3/28/2024 3:51:16 PM",3/28/2024,I3532,N,"3/28/2024 3:51:16 PM",I3532
{401EEC00-98E1-4D74-B5D6-693729C787B4},12/31/2023,,NP0830,12/31/2023,733,,"3/22/2024 9:11:12 AM",3/22/2024,I3532,N,"3/22/2024 9:11:12 AM",I3532
{41CB7BA1-3453-45A6-9BEF-D4C83B981FCF},8/29/2023,,NP0830,8/29/2023,731,,"3/22/2024 8:20:21 AM",3/22/2024,I3532,N,"3/22/2024 8:20:21 AM",I3532
{4233A742-53D6-4C51-AFDA-7D2A58A032E7},12/31/2023,,NP0830,12/31/2023,733,,"3/22/2024 9:10:21 AM",3/22/2024,I3532,N,"3/22/2024 9:10:21 AM",I3532
{430433DA-FDD6-4F13-B9AC-1B8B644D4154},12/31/2023,,NP0830,12/31/2023,733,,"3/22/2024 9:17:55 AM",3/22/2024,I3532,N,"3/22/2024 9:17:55 AM",I3532
{433258E7-ED88-4EED-8AB6-28E6FDFFE1B8},12/30/2022,,NP0830,12/30/2022,746,"12/30/2022 CON-CIP UNIT 16929","6/8/2023 4:03:51 PM",6/8/2023,A6057,N,"6/8/2023 4:03:51 PM",A6057
{4585A9A3-6B3B-45AD-9537-CDB45AA3B9EA},12/31/2023,,NP0830,12/31/2023,733,,"3/22/2024 8:45:34 AM",3/22/2024,I3532,N,"3/22/2024 8:45:34 AM",I3532
{4586CE7B-DB60-4824-87B5-4D9754DBF812},6/6/2022,,NP0830,6/6/2022,704,"SERVICE GARAGE. SALES COMPARISON AND INCOME","11/30/2022 3:48:48 PM",11/30/2022,H8585,N,"11/30/2022 3:48:48 PM",H8585
{45922B6D-1B59-450A-9ABB-4AAE9CD75FFD},2/15/2023,,NP0830,2/15/2023,743,,"8/16/2023 4:39:48 PM",8/16/2023,A6057,N,"8/16/2023 4:39:48 PM",A6057
{46A15DA3-39C7-4024-9CB5-AA9EA1F09FD7},12/31/2020,,NP0830,12/31/2020,720,"PROP 8 REV","4/27/2021 7:51:51 AM",4/27/2021,H8585,N,"4/27/2021 7:51:51 AM",H8585
{46047D50-D4C9-4212-8424-EEEEE8E2DEA2},12/31/2021,,NP0830,12/31/2021,695,,"5/12/2022 3:48:00 PM",5/12/2022,H8585,N,"5/12/2022 3:48:00 PM",H8585
{471E9235-7002-4754-93E2-6C2F4DBF18D9},10/6/2023,,NP0830,10/6/2023,731,,"3/28/2024 7:36:47 AM",3/28/2024,I3532,N,"3/28/2024 7:36:47 AM",I3532
{5ACE72DC-25A7-452D-B6DF-D82A2E5E8667},4/30/2021,,NP0830,4/30/2021,705,,"7/19/2022 4:58:48 PM",7/19/2022,H8585,N,"7/19/2022 4:58:48 PM",H8585
{5A8FCB52-80ED-4339-9581-C0A5CC7B0286},10/19/2023,,NP0830,10/19/2023,679,COMBO,"3/28/2024 7:40:09 AM",3/28/2024,I3532,N,"3/28/2024 7:40:09 AM",I3532
{5B24E45E-ADE4-4C3F-AB97-121AE2638890},12/31/2023,,NP0830,12/31/2023,733,,"3/22/2024 8:46:56 AM",3/22/2024,I3532,N,"3/22/2024 8:46:56 AM",I3532
{5CD617E8-4B6E-4AE1-A79D-C33C776EAE19},8/16/2023,,NP0830,8/16/2023,808,"TOT-TRF BAD SALE","3/25/2024 2:56:59 PM",3/25/2024,I3532,N,"3/25/2024 2:56:59 PM",I3532
{5CE142E5-CAA2-4E0C-A164-22B505719AD4},12/31/2022,,NP0830,12/31/2022,735,,"3/22/2024 4:23:58 PM",3/22/2024,I3532,N,"3/22/2024 4:23:58 PM",I3532
{5F0DF482-D5C6-4EC0-8F93-EAE776AE330C},12/31/2022,,NP0830,12/31/2022,670,"12/31/2022 REV-DCL","7/31/2023 12:06:23 PM",7/31/2023,A6057,N,"7/31/2023 12:06:23 PM",A6057
{50B9FF2C-E225-4E47-A8F1-20D84D9F0D27},10/28/2021,,NP0830,10/28/2021,715,,"7/21/2022 10:42:57 AM",7/21/2022,H8585,N,"7/21/2022 10:42:57 AM",H8585
{504AF149-B614-4FCA-8892-53706FB8DD83},12/31/2023,,NP0830,12/31/2023,621,,"4/11/2024 4:35:27 PM",4/11/2024,I3532,N,"4/11/2024 4:35:27 PM",I3532
{53FB7CE6-88A2-4892-A862-7F2972E60F4C},8/24/2023,,NP0830,8/24/2023,679,,"3/20/2024 7:33:07 AM",3/20/2024,I3532,N,"3/20/2024 7:33:07 AM",I3532
{5418070C-35CD-495A-B6B4-7D56FC27D849},7/20/2021,,NP0830,7/20/2021,593,,"1/5/2023 2:48:32 PM",1/5/2023,H8585,N,"1/5/2023 2:48:32 PM",H8585
{5626CFD5-AF84-4D27-88AD-CCA63BCC2F5B},12/31/2023,,NP0830,12/31/2023,733,,"3/22/2024 8:29:09 AM",3/22/2024,I3532,N,"3/22/2024 8:29:09 AM",I3532
{57BB1ADD-4B7B-450A-B4D6-E3A91BA30829},1/1/2021,,NP0830,1/1/2021,672,,"4/7/2021 8:56:57 AM",4/7/2021,H8585,N,"4/7/2021 8:56:57 AM",H8585
{592CF227-BB71-4962-A347-73552708FA51},2/3/2023,,NP0830,2/3/2023,671,,"3/19/2024 12:31:02 PM",3/19/2024,I3532,N,"3/19/2024 12:31:02 PM",I3532
{6ACC2219-A6D1-414F-AC98-C658B55E138C},10/11/2023,,NP0830,10/11/2023,679,,"3/28/2024 4:02:58 PM",3/28/2024,I3532,N,"3/28/2024 4:02:58 PM",I3532
{6BA00E0D-7BA8-4A14-9D3C-DE1CE9284A4A},5/11/2022,,NP0830,5/11/2022,704,"VACANT COMMERCIAL LAND","11/30/2022 4:18:15 PM",11/30/2022,H8585,N,"11/30/2022 4:18:15 PM",H8585
{6B489753-13CA-4AC3-BF25-7809362CB4B7},12/31/2023,,NP0830,12/31/2023,730,"PROP 8 REVIEW","3/22/2024 8:58:03 AM",3/22/2024,I3532,N,"3/22/2024 8:58:03 AM",I3532
{6C446246-FF3D-425E-89F7-67001340ED2A},12/16/2020,,NP0830,12/16/2020,733,,"4/2/2024 11:06:49 AM",4/2/2024,I3532,N,"4/2/2024 11:06:49 AM",I3532
{6DA973A2-7E51-442E-B6D0-EA195089E372},12/31/2019,,NP0830,12/31/2019,679,"PROP 8 REVIEW","9/27/2021 8:15:20 AM",9/27/2021,H8585,N,"9/27/2021 8:15:20 AM",H8585
{6E02A0EB-CC65-46D5-91CE-4AEA0F8A3E55},12/31/2023,,NP0830,12/31/2023,733,,"3/22/2024 9:00:43 AM",3/22/2024,I3532,N,"3/22/2024 9:00:43 AM",I3532
{6E02D080-0999-4A4E-A334-3F9F0F6C62F8},12/31/2022,,NP0830,12/31/2022,720,MARKET,"3/22/2024 8:12:31 AM",3/22/2024,I3532,N,"3/22/2024 8:12:31 AM",I3532
{6FE4756A-1116-4686-BC85-19DE057CF3FE},8/23/2023,,NP0830,8/23/2023,808,"TOT-DOD EVENT APPRAISAL","3/28/2024 7:39:22 AM",3/28/2024,I3532,N,"3/28/2024 7:39:22 AM",I3532
{6F626B6C-B68D-4715-885F-856E4CCED2C2},12/31/2023,,NP0830,12/31/2023,732,,"3/28/2024 7:42:02 AM",3/28/2024,I3532,N,"3/28/2024 7:42:02 AM",I3532
{629B82DE-E985-477E-AAB0-54A81AE7A634},10/3/2022,,NP0830,10/3/2022,731,,"6/5/2023 4:42:25 PM",6/5/2023,A6057,N,"6/5/2023 4:42:25 PM",A6057
{6440825B-B3DC-4FBD-8BDA-70FBBCC50A23},7/10/2023,,NP0830,7/10/2023,743,,"3/27/2024 2:32:39 PM",3/27/2024,I3532,N,"3/27/2024 2:32:39 PM",I3532
{667D843D-918F-40B7-AF7E-224E06BFE6E7},12/30/2023,,NP0830,12/30/2023,671,,"3/18/2024 8:19:05 AM",3/18/2024,I3532,N,"3/18/2024 8:19:05 AM",I3532
{675E03C1-F4BD-4C33-B1ED-9AAD7739BD50},12/31/2020,,NP0830,12/31/2020,720,MARKET,"4/1/2021 7:49:57 AM",4/1/2021,H8585,N,"4/1/2021 7:49:57 AM",H8585
{6970D61B-574E-4767-B54D-B014DEFCCACD},11/30/2023,,NP0830,11/30/2023,679,CON-NEW,"4/1/2024 8:43:45 AM",4/1/2024,I3532,N,"4/1/2024 8:43:45 AM",I3532
{7C104817-C949-415F-9AC2-11D3DF6401DE},12/31/2023,,NP0830,12/31/2023,679,,"4/3/2024 8:46:12 AM",4/3/2024,I3532,N,"4/3/2024 8:46:12 AM",I3532
{7C9506C6-1C36-4A6F-B9D3-B5A42F27C3E4},12/31/2023,,NP0830,12/31/2023,733,,"3/22/2024 8:43:50 AM",3/22/2024,I3532,N,"3/22/2024 8:43:50 AM",I3532
{7DE5A70F-0AF0-4551-AA5A-26ADCAFC604D},12/30/2023,,NP0830,12/30/2023,731,,"3/22/2024 8:15:52 AM",3/22/2024,I3532,N,"3/22/2024 8:15:52 AM",I3532
{7EF3AD77-06F4-4D76-A9E4-9FC554E471F2},12/31/2023,,NP0830,12/31/2023,720,MARKET,"3/20/2024 7:34:02 AM",3/20/2024,I3532,N,"3/20/2024 7:34:02 AM",I3532
{7EF373A8-AF6F-4F86-A78E-1CD3EF2C683B},12/31/2022,,NP0830,12/31/2022,746,"ANNUAL REVIEW SUBSEQUENT TO 2022 APPEAL","4/8/2024 9:57:30 AM",4/8/2024,I3532,N,"4/8/2024 9:57:30 AM",I3532
{7E370DC3-7F79-43CE-8B83-30FE312DB1A1},3/9/2024,,NP0830,3/9/2024,730,441D,"3/18/2024 9:48:50 AM",3/18/2024,I3532,N,"3/18/2024 9:48:50 AM",I3532
{7FDA64D9-57AA-42D7-A4A7-9E5587E2117B},9/5/2023,,NP0830,9/5/2023,731,,"3/22/2024 8:30:01 AM",3/22/2024,I3532,N,"3/22/2024 8:30:01 AM",I3532
{7001A90D-9FBB-4D40-AAF5-B03E64DC1E46},12/31/2023,,NP0830,12/31/2023,733,,"3/22/2024 9:01:29 AM",3/22/2024,I3532,N,"3/22/2024 9:01:29 AM",I3532
{704F56DC-D2E4-47F5-A7FE-FB87878C583F},12/31/2023,,NP0830,12/31/2023,733,,"3/22/2024 8:39:45 AM",3/22/2024,I3532,N,"3/22/2024 8:39:45 AM",I3532
{7165C336-85F4-4C17-80DF-12D1F1049067},12/31/2020,,NP0830,12/31/2020,720,"PROP 8 REV","4/27/2021 8:02:42 AM",4/27/2021,H8585,N,"4/27/2021 8:02:42 AM",H8585
{72F0DE3D-4E68-4992-A99B-85B3DFBFA06D},8/21/2023,,NP0830,8/21/2023,731,,"3/18/2024 1:28:59 PM",3/18/2024,I3532,N,"3/18/2024 1:28:59 PM",I3532
{765236B4-ADDF-4C6A-905C-49B63DA8A84E},12/31/2023,,NP0830,12/31/2023,621,,"4/1/2024 1:27:21 PM",4/1/2024,I3532,N,"4/1/2024 1:27:21 PM",I3532
{769CC873-F9FA-4558-99E3-AA010916C55B},12/31/2023,,NP0830,12/31/2023,733,,"3/22/2024 8:34:17 AM",3/22/2024,I3532,N,"3/22/2024 8:34:17 AM",I3532
{771BBA6D-A204-4326-BAEA-C55FE23A68ED},10/31/2023,,NP0830,10/31/2023,671,,"3/22/2024 9:08:53 AM",3/22/2024,I3532,N,"3/22/2024 9:08:53 AM",I3532
{772F5C98-B2C4-47CD-85A2-0584C0C12639},12/31/2023,,NP0830,12/31/2023,720,MARKET,"3/20/2024 7:43:39 AM",3/20/2024,I3532,N,"3/20/2024 7:43:39 AM",I3532
{788B5AC6-A628-49EA-9E1B-0511484C521C},10/7/2021,,NP0830,10/7/2021,679,SPLIT,"2/22/2022 1:30:56 PM",2/22/2022,H8585,N,"2/22/2022 1:30:56 PM",H8585
{8AA457C4-5C66-4F3E-81E8-AE7E84CAAC9B},10/31/2023,,NP0830,10/31/2023,731,,"3/28/2024 3:48:05 PM",3/28/2024,I3532,N,"3/28/2024 3:48:05 PM",I3532
{8A71C3B8-CC03-4A51-9C2C-EE39DA266F6F},12/31/2023,,NP0830,12/31/2023,733,,"3/22/2024 8:36:27 AM",3/22/2024,I3532,N,"3/22/2024 8:36:27 AM",I3532
{8A8E09EF-67A2-4880-BE3C-B8F996991ACF},12/29/2023,,NP0830,12/29/2023,679,CON-ADD,"3/18/2024 1:27:07 PM",3/18/2024,I3532,N,"3/18/2024 1:27:07 PM",I3532
{8A9AEDB2-A621-45CE-8F16-9FE9C528A96D},10/10/2023,,NP0830,10/10/2023,733,,"4/2/2024 7:59:10 AM",4/2/2024,I3532,N,"4/2/2024 7:59:10 AM",I3532
{8B8621D6-E543-4FDC-B843-666436A960DB},12/31/2021,,NP0830,12/31/2021,689,,"5/17/2022 3:40:02 PM",5/17/2022,H8585,N,"5/17/2022 3:40:02 PM",H8585
{8C65401D-95CB-4FED-9B56-120BDC4245AB},10/5/2023,,NP0830,10/5/2023,733,,"3/22/2024 8:05:14 AM",3/22/2024,I3532,N,"3/22/2024 8:05:14 AM",I3532
{8DDDA952-53D0-458F-B902-321BC9B41D2B},1/24/2022,,NP0830,1/24/2022,704,"VACANT COMMERCIAL LAND","9/29/2022 8:45:32 AM",9/29/2022,H8585,N,"9/29/2022 8:45:32 AM",H8585
{8D0CD662-1798-493F-8A12-1A62FC902C26},12/13/2022,,NP0830,12/13/2022,735,,"3/22/2024 4:22:14 PM",3/22/2024,I3532,N,"3/22/2024 4:22:14 PM",I3532
{8EDF0D05-6028-4668-8A5E-EF4718AF6E5A},10/16/2023,,NP0830,10/16/2023,704,"DIST WAREHOUSE. NEW CONSTRUCTION.","4/1/2024 1:25:20 PM",4/1/2024,I3532,N,"4/1/2024 1:25:20 PM",I3532
{8FFF9301-D055-4994-8B6B-1829E11EF4F8},12/31/2022,,NP0830,12/31/2022,735,,"3/22/2024 4:23:08 PM",3/22/2024,I3532,N,"3/22/2024 4:23:08 PM",I3532
{807F6393-D66A-407E-97D4-9C4922A3A3B8},5/23/2022,,NP0830,5/23/2022,679,,"3/27/2023 2:42:41 PM",3/27/2023,H8585,N,"3/27/2023 2:42:41 PM",H8585
{80987762-5D76-4E86-BEA7-3C112120D368},12/29/2020,,NP0830,12/29/2020,634,,"6/8/2021 5:11:31 PM",6/8/2021,H8585,N,"6/8/2021 5:11:31 PM",H8585
{81E2C2E0-B07D-43F8-88FE-65B93FF38CC6},8/22/2023,,NP0830,8/22/2023,808,"TOT-TRF MARKET SALE","3/25/2024 2:58:29 PM",3/25/2024,I3532,N,"3/25/2024 2:58:29 PM",I3532
{82EA3CEF-EAA3-42E1-9E9D-A96AF56C9D12},12/31/2022,,NP0830,12/31/2022,747,,"3/20/2024 7:50:20 AM",3/20/2024,I3532,N,"3/20/2024 7:50:20 AM",I3532
{826E9265-84CA-49C2-8898-FB885A3B0602},12/31/2023,,NP0830,12/31/2023,679,,"4/2/2024 10:36:17 AM",4/2/2024,I3532,N,"4/2/2024 10:36:17 AM",I3532
{83CC76C0-FB4A-418C-89C3-89905BD059FB},5/26/2022,,NP0830,5/26/2022,679,,"3/27/2023 1:28:32 PM",3/27/2023,H8585,N,"3/27/2023 1:28:32 PM",H8585
{852A9338-0818-4BC0-906F-E73E769C364A},7/6/2022,,NP0830,7/6/2022,732,,"3/20/2024 7:51:23 AM",3/20/2024,I3532,N,"3/20/2024 7:51:23 AM",I3532
{86BA1218-35D7-4FAD-99AE-85E95B031AAF},12/31/2022,,NP0830,12/31/2022,679,,"4/5/2023 2:07:37 PM",4/5/2023,H8585,N,"4/5/2023 2:07:37 PM",H8585
{8632BACF-CACA-4533-BF72-9B89BD3BE9AD},7/27/2023,,NP0830,7/27/2023,808,"CON-NEW GUARD SHACK DUAL RR BLDG","3/22/2024 4:28:00 PM",3/22/2024,I3532,N,"3/22/2024 4:28:00 PM",I3532
{86909D93-67A3-4446-8F2D-FF929C1D12FC},9/5/2023,,NP0830,9/5/2023,705,,"3/18/2024 9:47:41 AM",3/18/2024,I3532,N,"3/18/2024 9:47:41 AM",I3532
{869632A4-F618-454C-8203-E2B7D3A4569A},12/16/2020,,NP0830,12/16/2020,733,,"4/2/2024 11:07:00 AM",4/2/2024,I3532,N,"4/2/2024 11:07:00 AM",I3532
{88B4D670-AA86-4812-AF2C-56494877675E},7/10/2023,,NP0830,7/10/2023,743,,"3/27/2024 2:33:31 PM",3/27/2024,I3532,N,"3/27/2024 2:33:31 PM",I3532
{895D3EC0-DEEC-4942-A6EB-7BCAEDA3D379},9/7/2023,,NP0830,9/7/2023,621,,"3/22/2024 4:21:22 PM",3/22/2024,I3532,N,"3/22/2024 4:21:22 PM",I3532
{9DCD109F-E356-4E32-B452-E41C77344205},12/31/2021,,NP0830,12/31/2021,704,"PROP 8 REVIEW FOLLOWING APPEAL","2/27/2023 5:04:28 PM",2/27/2023,H8585,N,"2/27/2023 5:04:28 PM",H8585
{9D805AD8-0CEA-4C38-B00A-E3CE974B0B70},12/31/2023,,NP0830,12/31/2023,758,,"3/22/2024 9:05:34 AM",3/22/2024,I3532,N,"3/22/2024 9:05:34 AM",I3532
{9F5B5C07-9C99-4C2B-84AD-506A0AA73517},12/31/2023,,NP0830,12/31/2023,733,,"3/22/2024 8:37:57 AM",3/22/2024,I3532,N,"3/22/2024 8:37:57 AM",I3532
{9010F1E2-D2B1-4556-BDD1-E92E07B9A61A},9/13/2023,,NP0830,9/13/2023,808,"TOT-TRF MARKET SALE SALES PRICE ACCEPTED","3/28/2024 4:04:32 PM",3/28/2024,I3532,N,"3/28/2024 4:04:32 PM",I3532
{91567B00-5984-4BDE-9DD5-86D533CD05A6},12/31/2021,,NP0830,12/31/2021,689,,"5/23/2022 9:10:07 AM",5/23/2022,H8585,N,"5/23/2022 9:10:07 AM",H8585
{93FF00F8-F979-40C0-8FC4-C807583F9C02},12/31/2023,,NP0830,12/31/2023,758,,"3/22/2024 9:04:47 AM",3/22/2024,I3532,N,"3/22/2024 9:04:47 AM",I3532
{93421D23-BB39-4D8E-9AD1-BCD43F90C74C},10/10/2023,,NP0830,10/10/2023,733,,"4/2/2024 7:58:56 AM",4/2/2024,I3532,N,"4/2/2024 7:58:56 AM",I3532
{95577ECE-1993-43F2-880A-3711F047E615},12/30/2022,,NP0830,12/30/2022,735,,"3/7/2023 10:00:56 AM",3/7/2023,H8585,N,"3/7/2023 10:00:56 AM",H8585
{96E34E4F-F758-473D-8133-21B3807774DA},12/31/2023,,NP0830,12/31/2023,733,,"3/22/2024 8:59:00 AM",3/22/2024,I3532,N,"3/22/2024 8:59:00 AM",I3532
{99688680-4FA7-4616-9D6E-F02B535FAF08},9/19/2021,,NP0830,9/19/2021,621,,"3/22/2024 8:25:57 AM",3/22/2024,I3532,N,"3/22/2024 8:25:57 AM",I3532
